[
    {
        "reg_no": "9604655337",
        "incourse": 11,
        "exam": 32
    },
    {
        "reg_no": "2945914387",
        "incourse": 16,
        "exam": 56
    },
    {
        "reg_no": "7548849753",
        "incourse": 8,
        "exam": 58
    },
    {
        "reg_no": "0694057606",
        "incourse": 7,
        "exam": 40
    },
    {
        "reg_no": "3889825109",
        "incourse": 23,
        "exam": 9
    },
    {
        "reg_no": "8226473993",
        "incourse": 5,
        "exam": 36
    },
    {
        "reg_no": "5256745042",
        "incourse": 18,
        "exam": 30
    },
    {
        "reg_no": "5203973229",
        "incourse": 27,
        "exam": 31
    },
    {
        "reg_no": "7545162021",
        "incourse": 4,
        "exam": 45
    },
    {
        "reg_no": "4164336285",
        "incourse": 22,
        "exam": 39
    },
    {
        "reg_no": "2235341934",
        "incourse": 25,
        "exam": 20
    },
    {
        "reg_no": "4792582016",
        "incourse": 26,
        "exam": 17
    },
    {
        "reg_no": "5282717115",
        "incourse": 23,
        "exam": 43
    },
    {
        "reg_no": "8154670011",
        "incourse": 29,
        "exam": 20
    },
    {
        "reg_no": "6546243040",
        "incourse": 25,
        "exam": 13
    },
    {
        "reg_no": "1729357474",
        "incourse": 24,
        "exam": 57
    },
    {
        "reg_no": "9043566098",
        "incourse": 23,
        "exam": 26
    },
    {
        "reg_no": "3525422822",
        "incourse": 29,
        "exam": 31
    },
    {
        "reg_no": "7914309192",
        "incourse": 28,
        "exam": 31
    },
    {
        "reg_no": "2109646373",
        "incourse": 9,
        "exam": 54
    },
    {
        "reg_no": "3834081639",
        "incourse": 22,
        "exam": 25
    },
    {
        "reg_no": "6192851662",
        "incourse": 21,
        "exam": 17
    },
    {
        "reg_no": "6142879547",
        "incourse": 2,
        "exam": 51
    },
    {
        "reg_no": "5754545320",
        "incourse": 18,
        "exam": 33
    },
    {
        "reg_no": "7881730005",
        "incourse": 24,
        "exam": 25
    },
    {
        "reg_no": "0288115333",
        "incourse": 15,
        "exam": 15
    },
    {
        "reg_no": "2370676965",
        "incourse": 12,
        "exam": 64
    },
    {
        "reg_no": "2714426239",
        "incourse": 27,
        "exam": 43
    },
    {
        "reg_no": "3634892528",
        "incourse": 26,
        "exam": 2
    },
    {
        "reg_no": "2825525693",
        "incourse": 16,
        "exam": 19
    },
    {
        "reg_no": "9270083152",
        "incourse": 24,
        "exam": 9
    },
    {
        "reg_no": "7581289168",
        "incourse": 20,
        "exam": 27
    },
    {
        "reg_no": "1227997477",
        "incourse": 7,
        "exam": 53
    },
    {
        "reg_no": "4704994678",
        "incourse": 29,
        "exam": 54
    },
    {
        "reg_no": "9583509000",
        "incourse": 27,
        "exam": 9
    },
    {
        "reg_no": "4045487662",
        "incourse": 1,
        "exam": 64
    },
    {
        "reg_no": "3301130860",
        "incourse": 11,
        "exam": 46
    },
    {
        "reg_no": "9318751796",
        "incourse": 17,
        "exam": 41
    },
    {
        "reg_no": "9750384784",
        "incourse": 17,
        "exam": 47
    },
    {
        "reg_no": "6296359551",
        "incourse": 18,
        "exam": 2
    },
    {
        "reg_no": "2534802828",
        "incourse": 5,
        "exam": 28
    },
    {
        "reg_no": "4865531165",
        "incourse": 13,
        "exam": 60
    },
    {
        "reg_no": "3046289294",
        "incourse": 12,
        "exam": 13
    },
    {
        "reg_no": "2409405983",
        "incourse": 22,
        "exam": 70
    },
    {
        "reg_no": "0040377687",
        "incourse": 3,
        "exam": 43
    },
    {
        "reg_no": "9882563945",
        "incourse": 9,
        "exam": 16
    },
    {
        "reg_no": "6208563941",
        "incourse": 1,
        "exam": 47
    },
    {
        "reg_no": "7458494611",
        "incourse": 3,
        "exam": 53
    },
    {
        "reg_no": "5812879885",
        "incourse": 11,
        "exam": 24
    },
    {
        "reg_no": "4008808094",
        "incourse": 14,
        "exam": 26
    },
    {
        "reg_no": "4935746297",
        "incourse": 5,
        "exam": 28
    },
    {
        "reg_no": "8365831430",
        "incourse": 7,
        "exam": 25
    },
    {
        "reg_no": "7360983215",
        "incourse": 17,
        "exam": 51
    },
    {
        "reg_no": "0313837503",
        "incourse": 21,
        "exam": 41
    },
    {
        "reg_no": "3504693398",
        "incourse": 18,
        "exam": 37
    },
    {
        "reg_no": "9494541111",
        "incourse": 8,
        "exam": 62
    },
    {
        "reg_no": "4732784062",
        "incourse": 2,
        "exam": 10
    },
    {
        "reg_no": "4105916319",
        "incourse": 8,
        "exam": 5
    },
    {
        "reg_no": "9035079752",
        "incourse": 23,
        "exam": 70
    },
    {
        "reg_no": "1187665088",
        "incourse": 1,
        "exam": 36
    },
    {
        "reg_no": "1805031112",
        "incourse": 24,
        "exam": 24
    },
    {
        "reg_no": "9517993196",
        "incourse": 29,
        "exam": 20
    },
    {
        "reg_no": "7217850967",
        "incourse": 16,
        "exam": 70
    },
    {
        "reg_no": "5068355240",
        "incourse": 30,
        "exam": 49
    },
    {
        "reg_no": "9564467497",
        "incourse": 20,
        "exam": 27
    },
    {
        "reg_no": "7836728587",
        "incourse": 13,
        "exam": 67
    },
    {
        "reg_no": "1962516180",
        "incourse": 14,
        "exam": 1
    },
    {
        "reg_no": "9916506353",
        "incourse": 23,
        "exam": 33
    },
    {
        "reg_no": "9307850208",
        "incourse": 21,
        "exam": 29
    },
    {
        "reg_no": "9671152295",
        "incourse": 3,
        "exam": 39
    },
    {
        "reg_no": "4028180384",
        "incourse": 3,
        "exam": 2
    },
    {
        "reg_no": "8679894044",
        "incourse": 27,
        "exam": 11
    },
    {
        "reg_no": "8392283597",
        "incourse": 7,
        "exam": 6
    },
    {
        "reg_no": "0725062878",
        "incourse": 23,
        "exam": 66
    },
    {
        "reg_no": "7731877361",
        "incourse": 21,
        "exam": 14
    },
    {
        "reg_no": "6339040039",
        "incourse": 10,
        "exam": 68
    },
    {
        "reg_no": "8586594334",
        "incourse": 9,
        "exam": 41
    },
    {
        "reg_no": "7457822879",
        "incourse": 2,
        "exam": 36
    },
    {
        "reg_no": "6903799257",
        "incourse": 10,
        "exam": 19
    },
    {
        "reg_no": "0168847914",
        "incourse": 15,
        "exam": 61
    },
    {
        "reg_no": "8420121142",
        "incourse": 26,
        "exam": 41
    },
    {
        "reg_no": "4132740935",
        "incourse": 29,
        "exam": 18
    },
    {
        "reg_no": "5231436690",
        "incourse": 1,
        "exam": 70
    },
    {
        "reg_no": "9948361717",
        "incourse": 30,
        "exam": 3
    },
    {
        "reg_no": "8284302187",
        "incourse": 11,
        "exam": 13
    },
    {
        "reg_no": "4949422057",
        "incourse": 30,
        "exam": 46
    },
    {
        "reg_no": "1005002363",
        "incourse": 27,
        "exam": 57
    },
    {
        "reg_no": "0881666947",
        "incourse": 3,
        "exam": 38
    },
    {
        "reg_no": "4987377055",
        "incourse": 19,
        "exam": 42
    },
    {
        "reg_no": "7910160690",
        "incourse": 18,
        "exam": 54
    },
    {
        "reg_no": "6798228909",
        "incourse": 11,
        "exam": 65
    },
    {
        "reg_no": "5085568796",
        "incourse": 29,
        "exam": 50
    },
    {
        "reg_no": "1753697603",
        "incourse": 14,
        "exam": 29
    },
    {
        "reg_no": "6411452431",
        "incourse": 11,
        "exam": 70
    },
    {
        "reg_no": "8400098021",
        "incourse": 6,
        "exam": 22
    },
    {
        "reg_no": "2517491240",
        "incourse": 10,
        "exam": 54
    },
    {
        "reg_no": "8995669551",
        "incourse": 12,
        "exam": 39
    },
    {
        "reg_no": "7995036221",
        "incourse": 1,
        "exam": 5
    },
    {
        "reg_no": "8095197017",
        "incourse": 22,
        "exam": 38
    },
    {
        "reg_no": "7244338805",
        "incourse": 22,
        "exam": 47
    }
]